60.0000114440918,239.99998474121094,119.99999237060547,179.64999389648438,0.6900070905685425,67.62998962402344
59.9998893737793,240.00010681152344,119.99901580810547,179.64999389648438,0.6900061368942261,67.63014221191406
59.999717712402344,240.00025939941406,119.99781036376953,179.64999389648438,0.690011203289032,67.63034057617188
59.99943161010742,240.0005645751953,119.9957046508789,179.64999389648438,0.6900056004524231,67.63069152832031
59.9989013671875,240.0011444091797,119.99138641357422,179.65000915527344,0.6900179386138916,67.63136291503906
59.99787902832031,240.00216674804688,119.98352813720703,179.6500244140625,0.6900386214256287,67.63261413574219
59.996150970458984,240.00392150878906,119.97045135498047,179.65003967285156,0.6900635957717896,67.63468933105469
59.99351501464844,240.0066680908203,119.94994354248047,179.6500701904297,0.690118134021759,67.63792419433594
59.98955154418945,240.0106964111328,119.91947174072266,179.65013122558594,0.6901896595954895,67.64274597167969
59.98390197753906,240.01646423339844,119.87622833251953,179.65020751953125,0.6902828216552734,67.64959716796875
59.9755973815918,240.0249481201172,119.8124771118164,179.65028381347656,0.6904412508010864,67.65970611572266
59.96376037597656,240.03700256347656,119.72158813476562,179.6504364013672,0.6906507611274719,67.67411804199219
59.93869400024414,240.0625,119.52903747558594,179.65072631835938,0.6910874247550964,67.70463562011719
59.888362884521484,240.11317443847656,119.14348602294922,179.6513214111328,0.6919628977775574,67.7657241821289
59.812644958496094,240.1879425048828,118.56645965576172,179.6522216796875,0.6933048963546753,67.857177734375
59.71194076538086,240.28504943847656,117.80284118652344,179.65342712402344,0.6950520277023315,67.97825622558594
59.58576202392578,240.40284729003906,116.85281372070312,179.65493774414062,0.6972243189811707,68.12894439697266
59.433624267578125,240.53944396972656,115.71729278564453,179.65675354003906,0.6998047828674316,68.30915832519531
59.26506805419922,240.68496704101562,114.4681396484375,179.65882873535156,0.7025389671325684,68.50745391845703
59.09288024902344,240.82748413085938,113.20231628417969,179.66099548339844,0.705187201499939,68.7085189819336
58.91792678833008,240.9660186767578,111.92562866210938,179.66329956054688,0.7077475190162659,68.91136169433594
58.72883987426758,241.10879516601562,110.5574722290039,179.6658172607422,0.7103500366210938,69.12886810302734
58.54768753051758,241.23910522460938,109.25669860839844,179.66831970214844,0.7126717567443848,69.33577728271484
58.3609733581543,241.36805725097656,107.92339324951172,179.6710205078125,0.7145638465881348,69.54788970947266
58.16880798339844,241.49472045898438,106.55997467041016,179.67396545410156,0.7159831523895264,69.76483917236328
57.971092224121094,241.61839294433594,105.16731262207031,179.67710876464844,0.7169638276100159,69.98649597167969
57.76777648925781,241.73861694335938,103.74568176269531,179.68043518066406,0.7174744009971619,70.212890625
57.558006286621094,241.85516357421875,102.28877258300781,179.6840362548828,0.7172760963439941,70.44499206542969
57.33888626098633,241.96759033203125,100.77413177490234,179.688232421875,0.7154713273048401,70.68641662597656
57.11273193359375,242.07257080078125,99.2213363647461,179.69290161132812,0.7122699618339539,70.9341812133789
56.88018798828125,242.16871643066406,97.6368637084961,179.69796752929688,0.7077493071556091,71.18727111816406
56.64107894897461,242.25538635253906,96.02081298828125,179.7034454345703,0.7019254565238953,71.4457015991211
56.395076751708984,242.33241271972656,94.37117004394531,179.7092742919922,0.6947401165962219,71.70984649658203
56.13920211791992,242.40333557128906,92.66924285888672,179.7152862548828,0.6861173510551453,71.98284912109375
55.875301361083984,242.468505859375,90.93257904052734,179.72108459472656,0.6769462823867798,72.2619857788086
55.603721618652344,242.52732849121094,89.16415405273438,179.72665405273438,0.6672907471656799,72.54680633544922
55.306461334228516,242.58203125,87.25043487548828,179.73231506347656,0.6565209627151489,72.85569763183594
55.017982482910156,242.62864685058594,85.40736389160156,179.7373809814453,0.6462011337280273,73.15382385253906
54.7199821472168,242.6790008544922,83.49700927734375,179.7422637939453,0.6366520524024963,73.46333312988281
54.41604232788086,242.72918701171875,81.54322052001953,179.7470245361328,0.628241240978241,73.7802963256836
54.08982467651367,242.78073120117188,79.44058227539062,179.7520294189453,0.6206295490264893,74.12183380126953
53.7803955078125,242.82876586914062,77.4342269897461,179.75677490234375,0.6147177815437317,74.44806671142578
53.4676628112793,242.87986755371094,75.37805938720703,179.7617950439453,0.6101343035697937,74.7825698852539
53.15169143676758,242.9314727783203,73.27613830566406,179.76710510253906,0.6067112684249878,75.12470245361328
52.83514404296875,242.97421264648438,71.16634368896484,179.772705078125,0.6034926772117615,75.46847534179688
52.518470764160156,243.01449584960938,69.03079986572266,179.7787322998047,0.5999058485031128,75.8166275024414
52.250083923339844,243.05572509765625,67.17185974121094,179.7844696044922,0.5963513851165771,76.11962127685547
52.00994873046875,243.10899353027344,65.4304428100586,179.7904815673828,0.5932042598724365,76.40325927734375
51.79936599731445,243.1749267578125,63.822898864746094,179.79660034179688,0.5904278755187988,76.66495513916016
51.61894226074219,243.25584411621094,62.349037170410156,179.80282592773438,0.588050901889801,76.90452575683594
51.45904541015625,243.35983276367188,60.921043395996094,179.8095703125,0.5860079526901245,77.13619995117188
51.310428619384766,243.47317504882812,59.51811981201172,179.816650390625,0.5847669839859009,77.36372375488281
51.169883728027344,243.58377075195312,58.145442962646484,179.8240203857422,0.5839760303497314,77.58663940429688
51.02964401245117,243.69186401367188,56.74874496459961,179.8318634033203,0.5829461812973022,77.81379699707031
50.8897590637207,243.7967987060547,55.33086013793945,179.8401336669922,0.5815889239311218,78.04478454589844
50.75130844116211,243.8984375,53.898338317871094,179.8488006591797,0.5800430178642273,78.27848815917969
50.61726379394531,243.99900817871094,52.46184539794922,179.8577880859375,0.5784696340560913,78.51323699951172
50.48727035522461,244.1012420654297,51.00285720825195,179.8670654296875,0.576553225517273,78.7519302368164
50.36122131347656,244.20265197753906,49.54502487182617,179.87625122070312,0.574561595916748,78.99066162109375
50.23917007446289,244.3026885986328,48.09404373168945,179.88523864746094,0.572511613368988,79.22840881347656
50.123390197753906,244.404052734375,46.6633415222168,179.8939208984375,0.5710307955741882,79.46295166015625
50.00934600830078,244.51705932617188,45.17616653442383,179.90272521972656,0.5707782506942749,79.70677185058594
49.90709686279297,244.63287353515625,43.778079986572266,179.91050720214844,0.5722759366035461,79.93592834472656
49.80946731567383,244.758056640625,42.389251708984375,179.91778564453125,0.5760686993598938,80.16342163085938
49.71637725830078,244.8926239013672,41.01038360595703,179.92459106445312,0.5821507573127747,80.38919067382812
49.6202278137207,245.0548858642578,39.49064254760742,179.9317626953125,0.5916570425033569,80.63775634765625
49.54656219482422,245.2033233642578,38.197296142578125,179.9377899169922,0.6012217402458191,80.8489761352539
49.482078552246094,245.36184692382812,36.925758361816406,179.94326782226562,0.6118341684341431,81.05650329589844
49.426883697509766,245.53187561035156,35.67341613769531,179.9481201171875,0.6235759258270264,81.2607650756836
49.3782958984375,245.7252655029297,34.36343002319336,179.95269775390625,0.6373046040534973,81.47421264648438
49.342201232910156,245.91610717773438,33.15739440917969,179.95654296875,0.6509982347488403,81.67054748535156
49.313411712646484,246.1143341064453,31.95704460144043,179.9600830078125,0.6650170087814331,81.86592102050781
49.28556823730469,246.3221893310547,30.713153839111328,179.96337890625,0.6799982786178589,82.0685043334961
49.25821304321289,246.53155517578125,29.44348907470703,179.96685791015625,0.6954243183135986,82.27527618408203
49.23161697387695,246.7533721923828,28.095312118530273,179.9705352783203,0.7120386958122253,82.49491882324219
49.20979690551758,246.96182250976562,26.837642669677734,179.97389221191406,0.7278614044189453,82.69998168945312
49.19286346435547,247.1724853515625,25.578184127807617,179.977294921875,0.7436580657958984,82.90544891357422
49.18135070800781,247.38204956054688,24.338584899902344,179.98049926757812,0.7589139938354492,83.10791015625
49.176963806152344,247.58840942382812,23.153152465820312,179.9832000732422,0.7731014490127563,83.30174255371094
49.18031692504883,247.80482482910156,21.953126907348633,179.98545837402344,0.7869904637336731,83.49820709228516
49.19039535522461,248.01853942871094,20.787370681762695,179.9873809814453,0.7996949553489685,83.68915557861328
49.20861053466797,248.2196044921875,19.697715759277344,179.98939514160156,0.8102629780769348,83.86763000488281
49.2342529296875,248.41856384277344,18.62665557861328,179.99154663085938,0.8195279836654663,84.0430908203125
49.26567459106445,248.61526489257812,17.561443328857422,179.99403381347656,0.8278780579566956,84.21753692626953
49.305850982666016,248.83544921875,16.35276985168457,179.99734497070312,0.8368395566940308,84.4153060913086
49.34708786010742,249.0325927734375,15.2835693359375,-179.99961853027344,0.8447558879852295,84.5900650024414
49.39482498168945,249.23548889160156,14.208065032958984,-179.9966278076172,0.8527294993400574,84.76583099365234
49.44571304321289,249.44125366210938,13.144895553588867,-179.99412536621094,0.861015796661377,84.9395980834961
49.49910354614258,249.64413452148438,12.114928245544434,-179.99205017089844,0.8689364790916443,85.10807037353516
49.555702209472656,249.8430938720703,11.135009765625,-179.99032592773438,0.8766490817070007,85.26851654052734
49.618186950683594,250.04063415527344,10.184746742248535,-179.9885711669922,0.8839618563652039,85.42436981201172
49.687320709228516,250.23068237304688,9.268366813659668,-179.98629760742188,0.8899394273757935,85.57503509521484
49.76190948486328,250.40687561035156,8.40900707244873,-179.98330688476562,0.8942341804504395,85.7164535522461
49.841365814208984,250.56805419921875,7.6128153800964355,-179.9796142578125,0.8968057632446289,85.84762573242188
49.92598342895508,250.7149200439453,6.878571510314941,-179.97520446777344,0.8976719379425049,85.96868896484375
50.01873779296875,250.8521270751953,6.182253837585449,-179.9699249267578,0.8965905904769897,86.08364868164062
50.118324279785156,250.98216247558594,5.513148307800293,-179.96397399902344,0.8941089510917664,86.1940689086914
50.223628997802734,251.11224365234375,4.845480918884277,-179.95758056640625,0.891208827495575,86.30414581298828
50.33385467529297,251.2464599609375,4.162107467651367,-179.9508819580078,0.8884055018424988,86.4167251586914
50.45667266845703,251.3934783935547,3.4183449745178223,-179.9434356689453,0.8855227828025818,86.53915405273438
50.580894470214844,251.5364227294922,2.6980233192443848,-179.93585205078125,0.8823316097259521,86.65766906738281
50.713741302490234,251.68124389648438,1.9711456298828125,-179.927734375,0.8782954216003418,86.77731323242188
50.85334777832031,251.82582092285156,1.2450191974639893,-179.919189453125,0.873333752155304,86.89688873291016
50.99634552001953,251.9663543701172,0.5296903848648071,-179.9104766845703,0.867361843585968,87.01478576660156
51.15230178833008,252.11167907714844,-0.21998047828674316,-179.90109252929688,0.8597801327705383,87.13847351074219
51.30402755737305,252.24595642089844,-0.9230448007583618,-179.8924560546875,0.8510270118713379,87.2546157836914
51.45743942260742,252.3778839111328,-1.6216439008712769,-179.88430786132812,0.8411996364593506,87.37015533447266
51.612606048583984,252.50946044921875,-2.329296350479126,-179.87660217285156,0.8306422233581543,87.4871597290039
51.77881622314453,252.64869689941406,-3.0877585411071777,-179.86895751953125,0.8187053203582764,87.61257934570312
51.93495178222656,252.77804565429688,-3.7920665740966797,-179.8623504638672,0.8070327639579773,87.72909545898438
52.092716217041016,252.90870666503906,-4.490495681762695,-179.8562469482422,0.79521244764328,87.84463500976562
52.25120162963867,253.0403594970703,-5.177148818969727,-179.85032653808594,0.783733069896698,87.95820617675781
52.4104118347168,253.17288208007812,-5.851563453674316,-179.8446044921875,0.7726525664329529,88.0697250366211
52.578495025634766,253.31321716308594,-6.542937278747559,-179.8388214111328,0.7614274621009827,88.18395233154297
52.73190689086914,253.44195556640625,-7.146583557128906,-179.8338165283203,0.7517011761665344,88.2835922241211
52.88446044921875,253.57395935058594,-7.726828575134277,-179.829345703125,0.7430357336997986,88.37924194335938
53.03668975830078,253.7102508544922,-8.286251068115234,-179.8253936767578,0.7355332374572754,88.47127532958984
53.198097229003906,253.86000061035156,-8.857685089111328,-179.82171630859375,0.7288158535957336,88.56513977050781
53.3492431640625,254.0052947998047,-9.3729887008667,-179.81881713867188,0.7236847877502441,88.64958953857422
53.49753189086914,254.1560821533203,-9.870479583740234,-179.8170928955078,0.7199475169181824,88.73101043701172
53.640716552734375,254.3114471435547,-10.35739803314209,-179.81695556640625,0.7174922227859497,88.81067657470703
53.77783203125,254.47132873535156,-10.833745002746582,-179.8184814453125,0.7163830399513245,88.88868713378906
53.91716384887695,254.64637756347656,-11.32854175567627,-179.8219451904297,0.7166428565979004,88.96977233886719
54.0433349609375,254.8170928955078,-11.788033485412598,-179.8271942138672,0.7179486155509949,89.045166015625
54.163211822509766,254.99000549316406,-12.235749244689941,-179.8343048095703,0.7198525071144104,89.11868286132812
54.27588653564453,255.16268920898438,-12.66796588897705,-179.84323120117188,0.72210294008255,89.18974304199219
54.39064025878906,255.34852600097656,-13.123798370361328,-179.8544921875,0.7247726917266846,89.2647933959961
54.50517272949219,255.53729248046875,-13.587451934814453,-179.8668975830078,0.7272370457649231,89.34114837646484
54.616580963134766,255.7135772705078,-14.035539627075195,-179.87913513183594,0.7278725504875183,89.41497802734375
54.73055648803711,255.886962890625,-14.491487503051758,-179.8917236328125,0.7269558906555176,89.49019622802734
54.846946716308594,256.0573425292969,-14.954395294189453,-179.90460205078125,0.7245302796363831,89.56665802001953
54.98073959350586,256.24517822265625,-15.483551979064941,-179.91944885253906,0.7200125455856323,89.65414428710938
55.1008415222168,256.4092102050781,-15.95887565612793,-179.93312072753906,0.7146366238594055,89.73285675048828
55.22044372558594,256.5729064941406,-16.436450958251953,-179.94764709472656,0.7086490988731384,89.81201171875
55.33781814575195,256.7381286621094,-16.911815643310547,-179.96275329589844,0.7031658887863159,89.8907699584961
55.457366943359375,256.91241455078125,-17.40605354309082,-179.9794464111328,0.6978681087493896,89.97269439697266
55.56159973144531,257.06927490234375,-17.849143981933594,-179.99581909179688,0.6928393244743347,90.04623413085938
55.6566276550293,257.2182922363281,-18.26583480834961,179.987060546875,0.6877636909484863,90.11542510986328
55.74425506591797,257.3548583984375,-18.649953842163086,179.97006225585938,0.6820144653320312,90.17923736572266
55.82731246948242,257.47821044921875,-19.005403518676758,179.95355224609375,0.675072968006134,90.2383041381836
55.909305572509766,257.5933532714844,-19.3482723236084,179.93663024902344,0.6664437651634216,90.29530334472656
55.9831428527832,257.6903076171875,-19.65127944946289,179.92051696777344,0.6565345525741577,90.34574890136719
56.04540252685547,257.76397705078125,-19.903213500976562,179.9056396484375,0.6453097462654114,90.38778686523438
56.10160827636719,257.8199462890625,-20.128034591674805,179.89100646972656,0.6317222714424133,90.42550659179688
56.154537200927734,257.86138916015625,-20.33540153503418,179.87655639648438,0.6157158613204956,90.46050262451172
56.21001052856445,257.89453125,-20.546905517578125,179.861328125,0.5964384078979492,90.49630737304688
56.26643371582031,257.924560546875,-20.762332916259766,179.8455047607422,0.5756943225860596,90.53288269042969
56.321746826171875,257.9549560546875,-20.973793029785156,179.82980346679688,0.5554733872413635,90.56881713867188
56.379024505615234,257.9879455566406,-21.18878936767578,179.81393432617188,0.5354207754135132,90.60536193847656
56.43820571899414,258.0237731933594,-21.406152725219727,179.79808044433594,0.5157185792922974,90.642333984375
56.49951171875,258.06292724609375,-21.626142501831055,179.7821502685547,0.49643293023109436,90.67976379394531
56.563533782958984,258.1072082519531,-21.849590301513672,179.76609802246094,0.47783610224723816,90.7177505493164
56.630374908447266,258.1567077636719,-22.076616287231445,179.74989318847656,0.4599505066871643,90.75630950927734
56.70442581176758,258.2150573730469,-22.32168960571289,179.7324981689453,0.4417111575603485,90.79792022705078
56.777278900146484,258.276123046875,-22.556486129760742,179.7159423828125,0.4254118800163269,90.83773040771484
56.8531379699707,258.34478759765625,-22.79343032836914,179.6992950439453,0.41048464179039,90.87786865234375
56.931297302246094,258.4203796386719,-23.02941131591797,179.6826934814453,0.39708542823791504,90.9178237915039
57.01520538330078,258.505859375,-23.27735710144043,179.66517639160156,0.3843582570552826,90.95977020263672
57.094600677490234,258.59039306640625,-23.507789611816406,179.64869689941406,0.37350520491600037,90.99874114990234
57.173133850097656,258.6759033203125,-23.734012603759766,179.63201904296875,0.3631840944290161,91.0369873046875
57.24836349487305,258.76226806640625,-23.94977378845215,179.6154327392578,0.3541162610054016,91.07337951660156
57.31926345825195,258.8495178222656,-24.154634475708008,179.59901428222656,0.3465713560581207,91.10784912109375
57.390560150146484,258.9431457519531,-24.363073348999023,179.58160400390625,0.33989015221595764,91.14274597167969
57.45363998413086,259.0318298339844,-24.55133056640625,179.56509399414062,0.33466029167175293,91.17414855957031
57.512489318847656,259.1197204589844,-24.734355926513672,179.54788208007812,0.329720675945282,91.20454406738281
57.56593322753906,259.2054443359375,-24.909015655517578,179.53042602539062,0.32528355717658997,91.23345184326172
57.61546325683594,259.2873840332031,-25.07900047302246,179.5125274658203,0.3203861117362976,91.26160430908203
57.66405487060547,259.36663818359375,-25.251808166503906,179.49378967285156,0.3143669068813324,91.2902603149414
57.715171813964844,259.4486389160156,-25.440067291259766,179.47296142578125,0.30672863125801086,91.32157897949219
57.763065338134766,259.5240783691406,-25.61751937866211,179.4529571533203,0.29886677861213684,91.3511962890625
57.81045150756836,259.5979919433594,-25.78954315185547,179.43336486816406,0.2912415862083435,91.3800048828125
57.85590362548828,259.6684875488281,-25.95401954650879,179.4142608642578,0.2836618423461914,91.40763854980469
57.90463638305664,259.74346923828125,-26.129980087280273,179.3933563232422,0.275197833776474,91.43730163574219
57.94685363769531,259.80731201171875,-26.27886390686035,179.37547302246094,0.26784321665763855,91.46248626708984
57.98994445800781,259.8699035644531,-26.419525146484375,179.35879516601562,0.26118358969688416,91.48626708984375
58.03379821777344,259.9316711425781,-26.551616668701172,179.3435821533203,0.2554726302623749,91.50855255126953
58.078521728515625,259.99310302734375,-26.67670249938965,179.32969665527344,0.25066131353378296,91.52958679199219
58.1242561340332,260.0541687011719,-26.79474449157715,179.31707763671875,0.2467387467622757,91.54932403564453
58.170814514160156,260.11431884765625,-26.905439376831055,179.3058624267578,0.2436046153306961,91.56778717041016
58.219112396240234,260.1730041503906,-27.008668899536133,179.29620361328125,0.24111536145210266,91.5848159790039
58.26915740966797,260.2296142578125,-27.106273651123047,179.28799438476562,0.2389458417892456,91.60077667236328
58.3220329284668,260.2848815917969,-27.20334815979004,179.2807159423828,0.2365834265947342,91.61656951904297
58.38546371459961,260.34619140625,-27.312856674194336,179.27365112304688,0.23376493155956268,91.63423919677734
58.44463348388672,260.3995056152344,-27.411026000976562,179.26803588867188,0.23091290891170502,91.65000915527344
58.50548553466797,260.45159912109375,-27.51083755493164,179.26254272460938,0.22747521102428436,91.6660385131836
58.5665397644043,260.50225830078125,-27.612123489379883,179.25672912597656,0.22342459857463837,91.68230438232422
58.6305046081543,260.55401611328125,-27.72085189819336,179.25003051757812,0.2183680683374405,91.6998519897461
58.69031524658203,260.60064697265625,-27.82452392578125,179.2432403564453,0.21280227601528168,91.71662902832031
58.7508659362793,260.6454772949219,-27.930259704589844,179.23606872558594,0.20628882944583893,91.73390197753906
58.81392288208008,260.6909484863281,-28.038715362548828,179.22879028320312,0.19942203164100647,91.75169372558594
58.87944412231445,260.73712158203125,-28.148719787597656,179.2217254638672,0.19235368072986603,91.76981353759766
58.94627380371094,260.7835693359375,-28.258121490478516,179.2150115966797,0.1853976994752884,91.7879409790039
59.014549255371094,260.83148193359375,-28.365610122680664,179.208984375,0.1790148764848709,91.80579376220703
59.0859375,260.8820495605469,-28.471668243408203,179.2039031982422,0.17341938614845276,91.82345581054688
59.15968322753906,260.93572998046875,-28.575824737548828,179.19973754882812,0.16885361075401306,91.84076690673828
59.23577117919922,260.9924621582031,-28.67792510986328,179.196533203125,0.16533063352108002,91.85768127441406
59.31863784790039,261.05584716796875,-28.780481338500977,179.19479370117188,0.16330783069133759,91.87451171875
59.39902114868164,261.1189880371094,-28.8710880279541,179.19485473632812,0.16317977011203766,91.88924407958984
59.48213195800781,261.18585205078125,-28.958240509033203,179.19622802734375,0.16454029083251953,91.9031753540039
59.56794738769531,261.256591796875,-29.041845321655273,179.19888305664062,0.16735924780368805,91.91637420654297
59.65499496459961,261.3299255371094,-29.121198654174805,179.20263671875,0.1714826077222824,91.9287109375
59.74422836303711,261.4071960449219,-29.198806762695312,179.20709228515625,0.1768612563610077,91.94062805175781
59.824310302734375,261.478271484375,-29.26781463623047,179.21112060546875,0.18213997781276703,91.9511489868164
59.899330139160156,261.5486145019531,-29.33551597595215,179.21405029296875,0.1875099092721939,91.96142578125
59.968971252441406,261.61883544921875,-29.40223503112793,179.2157745361328,0.1930878907442093,91.97154235839844
60.0328369140625,261.68853759765625,-29.46769905090332,179.2162322998047,0.19881214201450348,91.98146057128906
60.092803955078125,261.76055908203125,-29.534780502319336,179.2151336669922,0.20484183728694916,91.99163818359375
60.14229965209961,261.8271484375,-29.596385955810547,179.21261596679688,0.21056319773197174,92.00106811523438
60.19889450073242,261.9156494140625,-29.677143096923828,179.20704650878906,0.21844086050987244,92.01363372802734
60.23575973510742,261.982421875,-29.73749542236328,179.20135498046875,0.22451938688755035,92.02322387695312
60.272010803222656,262.0541076660156,-29.802709579467773,179.19419860839844,0.23094312846660614,92.03382873535156
60.30059051513672,262.11456298828125,-29.858339309692383,179.1873779296875,0.2362392544746399,92.04305267333984
60.32801818847656,262.1729736328125,-29.912757873535156,179.1805877685547,0.24123939871788025,92.0522232055664
60.354671478271484,262.2294616699219,-29.965957641601562,179.1738739013672,0.24593737721443176,92.06133270263672
60.380516052246094,262.28387451171875,-30.01805877685547,179.167236328125,0.2503488063812256,92.07038116455078
60.405879974365234,262.3364562988281,-30.068775177001953,179.16079711914062,0.25455793738365173,92.07930755615234
60.432003021240234,262.3876037597656,-30.116981506347656,179.1552276611328,0.2588726580142975,92.08785247802734
60.459930419921875,262.4374084472656,-30.16269874572754,179.15077209472656,0.26332762837409973,92.09593963623047
60.489906311035156,262.48614501953125,-30.206022262573242,179.14749145507812,0.2679329216480255,92.10355377197266
60.52095031738281,262.5325622558594,-30.24649429321289,179.145263671875,0.27250710129737854,92.1106185913086
60.55556106567383,262.58209228515625,-30.287609100341797,179.14389038085938,0.27783727645874023,92.11759948730469
60.58505630493164,262.6236572265625,-30.320499420166016,179.14337158203125,0.2826915681362152,92.12303161621094
60.611907958984375,262.6635437011719,-30.351234436035156,179.14271545410156,0.28754711151123047,92.12802124023438
60.63400650024414,262.7013854980469,-30.379329681396484,179.14154052734375,0.29239457845687866,92.13249206542969
60.65040969848633,262.7355041503906,-30.403635025024414,179.1398468017578,0.2970861792564392,92.13630676269531
60.661155700683594,262.7654724121094,-30.423900604248047,179.13772583007812,0.3014817535877228,92.13944244384766
60.667518615722656,262.7911376953125,-30.4408016204834,179.13522338867188,0.30533212423324585,92.14209747314453
60.66976547241211,262.8128967285156,-30.454978942871094,179.13229370117188,0.3086678981781006,92.14440155029297
60.668582916259766,262.8319091796875,-30.467174530029297,179.1288604736328,0.31162843108177185,92.14647674560547
60.66453170776367,262.8484802246094,-30.477825164794922,179.12506103515625,0.31428322196006775,92.14836120605469
60.657325744628906,262.86358642578125,-30.48749542236328,179.12066650390625,0.3167741000652313,92.15020751953125
60.64894485473633,262.878173828125,-30.49681282043457,179.115966796875,0.31916746497154236,92.15208435058594
60.6418342590332,262.89031982421875,-30.504613876342773,179.11196899414062,0.32118499279022217,92.15372467041016
60.63521957397461,262.9015197753906,-30.5118350982666,179.10826110839844,0.3230527341365814,92.15531921386719
60.629600524902344,262.9090270996094,-30.517013549804688,179.1052703857422,0.32421815395355225,92.1565933227539
60.624568939208984,262.9121398925781,-30.52019500732422,179.1029510498047,0.3245806396007538,92.15757751464844
60.620948791503906,262.911865234375,-30.521665573120117,179.1013946533203,0.32425662875175476,92.15828704833984
60.61834716796875,262.9082946777344,-30.52169418334961,179.1005401611328,0.3233417570590973,92.15872192382812
60.616668701171875,262.9013671875,-30.519929885864258,179.1004180908203,0.3218018114566803,92.1588134765625
60.615501403808594,262.890869140625,-30.51608657836914,179.1009521484375,0.3196473717689514,92.1585464477539
60.61454391479492,262.8761291503906,-30.509719848632812,179.10215759277344,0.31676506996154785,92.15788269042969
60.61275863647461,262.8623352050781,-30.50324249267578,179.1032257080078,0.3141466975212097,92.15711975097656
60.609832763671875,262.8484802246094,-30.496374130249023,179.10406494140625,0.31157153844833374,92.15621185302734
60.60590744018555,262.8352355957031,-30.489742279052734,179.10458374023438,0.3090979754924774,92.15532684326172
60.60152053833008,262.82366943359375,-30.484037399291992,179.10472106933594,0.30690380930900574,92.15454864501953
60.596614837646484,262.8135681152344,-30.479223251342773,179.1044921875,0.3049241006374359,92.15391540527344
60.59262466430664,262.8073425292969,-30.47625160217285,179.10400390625,0.3035922944545746,92.15357208251953
60.58934783935547,262.80401611328125,-30.47493553161621,179.10330200195312,0.3028082847595215,92.15347290039062
60.58677291870117,262.8039245605469,-30.47515869140625,179.1023712158203,0.3025742769241333,92.15364837646484
60.58494567871094,262.806884765625,-30.4769344329834,179.1012420654297,0.30285775661468506,92.15404510498047
60.58371353149414,262.8122253417969,-30.48012924194336,179.0998992919922,0.3035367429256439,92.15469360351562
60.58329772949219,262.8189697265625,-30.484203338623047,179.09854125976562,0.30439493060112,92.15550231933594
60.583518981933594,262.82696533203125,-30.48933982849121,179.09710693359375,0.30546462535858154,92.15645599365234
60.584720611572266,262.83599853515625,-30.4952335357666,179.0957794189453,0.3066580593585968,92.15753936767578
60.58670425415039,262.8451232910156,-30.501312255859375,179.0946807861328,0.3079204261302948,92.15859985351562
60.589134216308594,262.8534240722656,-30.506933212280273,179.0938262939453,0.30910712480545044,92.15953826904297
60.59142303466797,262.85968017578125,-30.511058807373047,179.0933837890625,0.30999845266342163,92.16021728515625
60.59376907348633,262.8643493652344,-30.514217376708984,179.09323120117188,0.31068840622901917,92.16068267822266
60.5961799621582,262.86749267578125,-30.516437530517578,179.0933837890625,0.3112037777900696,92.16094970703125
60.59866714477539,262.8694763183594,-30.517681121826172,179.0938262939453,0.31154751777648926,92.16104125976562
60.60109329223633,262.87054443359375,-30.518299102783203,179.09446716308594,0.3118508458137512,92.1609878540039
60.60316848754883,262.870849609375,-30.518136978149414,179.09523010253906,0.3120845854282379,92.16078186035156
60.60486602783203,262.8704833984375,-30.51736831665039,179.09603881835938,0.31224262714385986,92.16046142578125
60.606048583984375,262.8694763183594,-30.516000747680664,179.09683227539062,0.312317430973053,92.16004943847656
60.60655975341797,262.8677062988281,-30.5140438079834,179.0976104736328,0.3123038411140442,92.15959930419922
60.60663986206055,262.8655090332031,-30.51186752319336,179.09829711914062,0.3122407793998718,92.15910339355469
60.606346130371094,262.86346435546875,-30.50969696044922,179.09886169433594,0.3121323883533478,92.15866088867188
60.60575866699219,262.8614501953125,-30.507761001586914,179.09927368164062,0.31202417612075806,92.15827941894531
60.60493087768555,262.85943603515625,-30.50590705871582,179.09954833984375,0.3118809163570404,92.15794372558594
60.60380172729492,262.8574523925781,-30.504240036010742,179.09971618652344,0.3116767704486847,92.15767669677734
60.602596282958984,262.8554382324219,-30.502809524536133,179.09974670410156,0.3114074766635895,92.15748596191406
60.60154342651367,262.8536071777344,-30.50166893005371,179.0997314453125,0.3111092746257782,92.15736389160156
60.60057067871094,262.85174560546875,-30.500837326049805,179.09967041015625,0.31076350808143616,92.15728759765625
60.599761962890625,262.8502197265625,-30.50032615661621,179.09950256347656,0.31038394570350647,92.15730285644531
60.599056243896484,262.8489685058594,-30.500200271606445,179.0992889404297,0.31004050374031067,92.15739440917969
60.59855270385742,262.84808349609375,-30.500242233276367,179.09909057617188,0.309750497341156,92.15747833251953
60.59813690185547,262.84747314453125,-30.500364303588867,179.09889221191406,0.30954334139823914,92.1575698852539
60.597816467285156,262.8471984863281,-30.500574111938477,179.0987091064453,0.3093833327293396,92.15764617919922
60.59760284423828,262.8472900390625,-30.500871658325195,179.09852600097656,0.3093148469924927,92.15774536132812
60.597469329833984,262.84759521484375,-30.50126838684082,179.09835815429688,0.3092840611934662,92.1578140258789
60.597373962402344,262.8482360839844,-30.501813888549805,179.09815979003906,0.309321790933609,92.1579360961914
60.59733581542969,262.84906005859375,-30.502452850341797,179.09796142578125,0.3094034194946289,92.15805053710938
60.5974006652832,262.8501892089844,-30.50314712524414,179.09776306152344,0.30954164266586304,92.15817260742188
60.59758758544922,262.8515625,-30.503971099853516,179.09759521484375,0.3097352683544159,92.15831756591797
60.59784698486328,262.8528747558594,-30.504714965820312,179.09747314453125,0.3099322021007538,92.15843963623047
60.598140716552734,262.8539733886719,-30.50531005859375,179.09738159179688,0.31010958552360535,92.15853118896484
60.59854507446289,262.8550109863281,-30.505935668945312,179.09735107421875,0.310289591550827,92.1585922241211
60.59891891479492,262.85589599609375,-30.506378173828125,179.09735107421875,0.3104434609413147,92.15866088867188
60.59931945800781,262.8564147949219,-30.506620407104492,179.09739685058594,0.3105577230453491,92.15869140625
60.59950637817383,262.85662841796875,-30.50674819946289,179.09747314453125,0.31063172221183777,92.15869140625
60.59971237182617,262.8566589355469,-30.506610870361328,179.09754943847656,0.310657262802124,92.15866088867188
60.599857330322266,262.8563537597656,-30.506423950195312,179.09765625,0.31065547466278076,92.15860748291016
60.59989929199219,262.8559875488281,-30.506065368652344,179.0977783203125,0.31061723828315735,92.15853118896484
60.59994888305664,262.8555603027344,-30.50574493408203,179.09788513183594,0.31057655811309814,92.15846252441406
60.599945068359375,262.85498046875,-30.505348205566406,179.0980224609375,0.3105384111404419,92.15836334228516
60.59992218017578,262.8544616699219,-30.504940032958984,179.09811401367188,0.3104896545410156,92.1583023071289
60.59982681274414,262.8538513183594,-30.504467010498047,179.09823608398438,0.31040632724761963,92.158203125
60.599674224853516,262.85333251953125,-30.504131317138672,179.09829711914062,0.31034916639328003,92.15814208984375
60.59955596923828,262.8529357910156,-30.503826141357422,179.09832763671875,0.3102787137031555,92.15809631347656
60.59937286376953,262.85260009765625,-30.503665924072266,179.09832763671875,0.31022408604621887,92.15807342529297
60.59920883178711,262.8523864746094,-30.503578186035156,179.09829711914062,0.31018656492233276,92.15807342529297
60.59902572631836,262.8522033691406,-30.503555297851562,179.09825134277344,0.3101412355899811,92.1580810546875
60.598907470703125,262.8522033691406,-30.503520965576172,179.09820556640625,0.31010881066322327,92.15809631347656
60.59876251220703,262.8522033691406,-30.50360870361328,179.09814453125,0.3100877106189728,92.15813446044922
60.59870147705078,262.85223388671875,-30.503704071044922,179.0980987548828,0.310079962015152,92.15817260742188
60.59870529174805,262.85235595703125,-30.50385284423828,179.0980224609375,0.3100825548171997,92.15819549560547
60.59871292114258,262.8525695800781,-30.504013061523438,179.09799194335938,0.31008315086364746,92.1582260131836
60.59871292114258,262.8527526855469,-30.504207611083984,179.0979461669922,0.3101140558719635,92.15825653076172
60.5987663269043,262.85296630859375,-30.50433349609375,179.09791564941406,0.3101344108581543,92.15827941894531
60.59884262084961,262.8531494140625,-30.504493713378906,179.09788513183594,0.31015804409980774,92.1583023071289
60.59891128540039,262.85333251953125,-30.50458526611328,179.09786987304688,0.31019702553749084,92.1583251953125
60.59896469116211,262.853515625,-30.50464630126953,179.09786987304688,0.3102208077907562,92.15833282470703
60.599029541015625,262.8536376953125,-30.504745483398438,179.09788513183594,0.31025102734565735,92.15833282470703
60.599124908447266,262.853759765625,-30.504802703857422,179.09788513183594,0.31028249859809875,92.15833282470703
60.59916687011719,262.8538513183594,-30.504837036132812,179.097900390625,0.31030118465423584,92.15833282470703
60.59923553466797,262.85394287109375,-30.504825592041016,179.09791564941406,0.3103083670139313,92.15833282470703
60.59925079345703,262.85394287109375,-30.50482940673828,179.0979461669922,0.31032684445381165,92.1583251953125
60.599327087402344,262.85394287109375,-30.504802703857422,179.09796142578125,0.3103347420692444,92.15830993652344
60.5993537902832,262.8539123535156,-30.504730224609375,179.09799194335938,0.310343474149704,92.1583023071289
60.59933853149414,262.8538513183594,-30.504669189453125,179.09800720214844,0.3103334605693817,92.15829467773438
60.59931564331055,262.85369873046875,-30.504638671875,179.09803771972656,0.3103409707546234,92.15827941894531
60.59933853149414,262.8536071777344,-30.504547119140625,179.09805297851562,0.31032586097717285,92.15826416015625
60.59929275512695,262.853515625,-30.504497528076172,179.0980682373047,0.31030094623565674,92.15825653076172
60.5992546081543,262.8534240722656,-30.504432678222656,179.0980682373047,0.3102893829345703,92.15826416015625
60.599212646484375,262.853271484375,-30.504371643066406,179.09808349609375,0.31027987599372864,92.15824890136719
60.599185943603516,262.8532409667969,-30.504291534423828,179.09808349609375,0.310249924659729,92.15823364257812
60.59916305541992,262.8531188964844,-30.504257202148438,179.09808349609375,0.31023988127708435,92.15823364257812
60.5991325378418,262.8530578613281,-30.504230499267578,179.0980987548828,0.3102242350578308,92.158203125
60.59906768798828,262.8529968261719,-30.504196166992188,179.09808349609375,0.3102185130119324,92.15823364257812
60.59903335571289,262.8529357910156,-30.504161834716797,179.0980682373047,0.3101973533630371,92.15824127197266
60.599029541015625,262.8529357910156,-30.504165649414062,179.09805297851562,0.3101869821548462,92.15821838378906
60.59901428222656,262.8529052734375,-30.504169464111328,179.09803771972656,0.31018370389938354,92.15823364257812
60.598960876464844,262.8529052734375,-30.50421905517578,179.0980224609375,0.3101780116558075,92.15824127197266
60.59894561767578,262.8529052734375,-30.504215240478516,179.09800720214844,0.31016916036605835,92.1582260131836
60.598899841308594,262.8529052734375,-30.504249572753906,179.09799194335938,0.31016239523887634,92.15824890136719
60.598846435546875,262.8529357910156,-30.50429916381836,179.0979766845703,0.3101767599582672,92.15825653076172
60.59846115112305,262.85357666015625,-30.504478454589844,179.09774780273438,0.310285747051239,92.15834045410156
60.59759521484375,262.854736328125,-30.505008697509766,179.0973358154297,0.31053709983825684,92.15853881835938
60.59635543823242,262.8565673828125,-30.50571632385254,179.09669494628906,0.31091126799583435,92.15880584716797
60.594444274902344,262.859375,-30.506790161132812,179.0957489013672,0.3114861249923706,92.15921783447266
60.59181213378906,262.8634033203125,-30.508453369140625,179.0943603515625,0.31230631470680237,92.15987396240234
60.5872688293457,262.87066650390625,-30.511951446533203,179.09185791015625,0.3138096034526825,92.16120147705078
60.580745697021484,262.8812561035156,-30.51724624633789,179.08822631835938,0.31597745418548584,92.1632080078125
60.57251739501953,262.8946838378906,-30.524202346801758,179.0836181640625,0.31874144077301025,92.16586303710938
60.56140899658203,262.91302490234375,-30.533851623535156,179.07730102539062,0.3224911391735077,92.16954040527344
60.549774169921875,262.9324035644531,-30.54429054260254,179.0706329345703,0.3264453709125519,92.17349243164062
60.53570556640625,262.9558410644531,-30.557415008544922,179.06243896484375,0.33116939663887024,92.1784896850586
60.51941680908203,262.9829406738281,-30.573158264160156,179.05279541015625,0.33659490942955017,92.18449401855469
60.50199508666992,263.0118408203125,-30.59032440185547,179.04237365722656,0.3423289656639099,92.19107055664062
60.48112487792969,263.0462646484375,-30.61128807067871,179.02980041503906,0.3491020202636719,92.19911193847656
60.46151351928711,263.0784912109375,-30.63138771057129,179.0178680419922,0.35542184114456177,92.20683288574219
60.44145202636719,263.1121520996094,-30.652921676635742,179.00537109375,0.3619610071182251,92.215087890625
60.4211540222168,263.1470642089844,-30.675798416137695,178.99237060546875,0.3686537444591522,92.2238540649414
60.40142059326172,263.1819763183594,-30.699129104614258,178.97943115234375,0.3753660023212433,92.23273468017578
60.38127136230469,263.21881103515625,-30.723949432373047,178.9658966064453,0.3823928236961365,92.24217224121094
60.36308288574219,263.2531433105469,-30.74742317199707,178.95335388183594,0.38893750309944153,92.25105285644531
60.34532928466797,263.28753662109375,-30.771160125732422,178.9408721923828,0.3954465985298157,92.2599868774414
60.3279914855957,263.3219299316406,-30.79523468017578,178.92845153808594,0.4019571542739868,92.26898193359375
60.3104248046875,263.3565368652344,-30.819562911987305,178.91590881347656,0.40849658846855164,92.278076171875
60.29247283935547,263.3914794921875,-30.844106674194336,178.9031982421875,0.41510599851608276,92.2872314453125
60.272422790527344,263.42919921875,-30.870586395263672,178.88931274414062,0.4222642779350281,92.29707336425781
60.251068115234375,263.466064453125,-30.896240234375,178.87527465820312,0.42930668592453003,92.30668640136719
60.227108001708984,263.5044860839844,-30.922504425048828,178.86026000976562,0.43661561608314514,92.31661987304688
60.20083999633789,263.5440673828125,-30.94936752319336,178.84434509277344,0.44419899582862854,92.32686614990234
60.17051696777344,263.58740234375,-30.978389739990234,178.8265380859375,0.45247820019721985,92.33802795410156
60.13984298706055,263.62957763671875,-31.006258010864258,178.80889892578125,0.46056804060935974,92.3488540649414
60.1070442199707,263.67462158203125,-31.035003662109375,178.7903289794922,0.46929359436035156,92.36013793945312
60.07280731201172,263.7222900390625,-31.064420700073242,178.77099609375,0.47859498858451843,92.37187194824219
60.03876495361328,263.771484375,-31.094236373901367,178.7515869140625,0.48828575015068054,92.38381958007812
60.003170013427734,263.82537841796875,-31.126188278198242,178.7310028076172,0.49893856048583984,92.39669799804688
59.970829010009766,263.8779602050781,-31.156715393066406,178.71177673339844,0.5094332098960876,92.4090805053711
59.9411506652832,263.9328918457031,-31.18777084350586,178.69308471679688,0.520468533039093,92.42169952392578
59.91530227661133,263.9882507324219,-31.218116760253906,178.6756134033203,0.5316328406333923,92.4341812133789
59.893558502197266,264.0433044433594,-31.247596740722656,178.6595001220703,0.5428228974342346,92.44635772705078
59.875431060791016,264.0970153808594,-31.275876998901367,178.64476013183594,0.5537327527999878,92.45813751220703
59.86014175415039,264.1524963378906,-31.30476188659668,178.63050842285156,0.5650153756141663,92.47020721435547
59.849945068359375,264.202880859375,-31.330835342407227,178.61854553222656,0.5752204060554504,92.48111724853516
59.84397888183594,264.25042724609375,-31.354915618896484,178.6083526611328,0.5848047733306885,92.49127197265625
59.84132766723633,264.29345703125,-31.37631607055664,178.59988403320312,0.5934984087944031,92.50032806396484
59.84054946899414,264.3364562988281,-31.397192001342773,178.59201049804688,0.6021415591239929,92.50922393798828
59.841495513916016,264.3769836425781,-31.416624069213867,178.58506774902344,0.6103501915931702,92.51749420166016
59.843658447265625,264.4127197265625,-31.433456420898438,178.57936096191406,0.6175317764282227,92.52464294433594
59.84650421142578,264.4462585449219,-31.4488525390625,178.57431030273438,0.6242591142654419,92.53116607666016
59.84926986694336,264.47784423828125,-31.46271324157715,178.5697784423828,0.630686342716217,92.53709411621094
59.85146713256836,264.5104064941406,-31.476572036743164,178.56507873535156,0.637351930141449,92.5429916381836
59.85213088989258,264.5411682128906,-31.489500045776367,178.56033325195312,0.6436432003974915,92.54850769042969
59.851219177246094,264.5726318359375,-31.502573013305664,178.55517578125,0.6501070857048035,92.55409240722656
59.84895706176758,264.6047058105469,-31.51555633544922,178.5496826171875,0.6566977500915527,92.55970764160156
59.8457145690918,264.6373291015625,-31.528472900390625,178.54396057128906,0.663418173789978,92.5653305053711
59.842018127441406,264.67071533203125,-31.541292190551758,178.53807067871094,0.670306921005249,92.5710220336914
59.837921142578125,264.7070617675781,-31.55501365661621,178.53170776367188,0.677794873714447,92.57719421386719
59.83307647705078,264.7431945800781,-31.568098068237305,178.5251922607422,0.685157299041748,92.5833511352539
59.82880783081055,264.7801513671875,-31.581003189086914,178.51873779296875,0.6926665902137756,92.5896987915039
59.82581329345703,264.8171691894531,-31.59344482421875,178.51268005371094,0.7001156210899353,92.59600067138672
59.82394790649414,264.8541564941406,-31.605545043945312,178.50694274902344,0.7075446844100952,92.60234832763672
59.822959899902344,264.8938903808594,-31.618141174316406,178.5010528564453,0.7154381275177002,92.60916900634766
59.82308578491211,264.93133544921875,-31.62950897216797,178.49571228027344,0.7227306365966797,92.61575317382812
59.82429885864258,264.9676208496094,-31.640132904052734,178.49066162109375,0.7295882701873779,92.62238311767578
59.82761001586914,265.001708984375,-31.64980125427246,178.48634338378906,0.7358561754226685,92.62877655029297
59.83206558227539,265.03619384765625,-31.659347534179688,178.48208618164062,0.7419862151145935,92.63549041748047
59.83668518066406,265.0669250488281,-31.667776107788086,178.4781951904297,0.7472183108329773,92.6418228149414
59.84244155883789,265.0950927734375,-31.675565719604492,178.47457885742188,0.7516788840293884,92.64820861816406
59.84782791137695,265.1195983886719,-31.682283401489258,178.47097778320312,0.7550972104072571,92.65446472167969
59.85253143310547,265.1398620605469,-31.68783187866211,178.46743774414062,0.7574142813682556,92.66046142578125
59.85643768310547,265.1564636230469,-31.692562103271484,178.46392822265625,0.7588475346565247,92.66616821289062
59.85979461669922,265.17132568359375,-31.69685935974121,178.46011352539062,0.7596397995948792,92.6721420288086
59.86235046386719,265.182373046875,-31.700237274169922,178.45639038085938,0.7595657110214233,92.67779541015625
59.86378479003906,265.19122314453125,-31.70284080505371,178.45245361328125,0.7588545680046082,92.68348693847656
59.86309814453125,265.1987609863281,-31.704744338989258,178.44801330566406,0.7577887773513794,92.68916320800781
59.86137771606445,265.20697021484375,-31.70654296875,178.4427032470703,0.7564893960952759,92.6957015991211
59.85968780517578,265.2154846191406,-31.70802116394043,178.43783569335938,0.7555534243583679,92.7017822265625
59.85818099975586,265.2269287109375,-31.709495544433594,178.43280029296875,0.7552088499069214,92.70821380615234
59.85708999633789,265.2418212890625,-31.711196899414062,178.42771911621094,0.7556663155555725,92.7149429321289
59.85639572143555,265.2601013183594,-31.713123321533203,178.42257690429688,0.7569449543952942,92.72197723388672
59.85654067993164,265.283203125,-31.715404510498047,178.41708374023438,0.7590993046760559,92.72976684570312
59.85730743408203,265.3086242675781,-31.717811584472656,178.41183471679688,0.7619364261627197,92.73751831054688
59.858516693115234,265.33642578125,-31.720251083374023,178.40650939941406,0.7652352452278137,92.74554443359375
59.86012649536133,265.3645324707031,-31.72259521484375,178.40122985839844,0.7686067819595337,92.75366973876953
59.8623046875,265.39459228515625,-31.72492790222168,178.39569091796875,0.7722159028053284,92.76237487792969
59.8647575378418,265.4227600097656,-31.7268009185791,178.39056396484375,0.7755056023597717,92.77062225341797
59.86798095703125,265.4502258300781,-31.72844123840332,178.38558959960938,0.7785520553588867,92.77901458740234
59.8719367980957,265.4770202636719,-31.7297420501709,178.3807830810547,0.7813096046447754,92.78752899169922
59.87784194946289,265.501708984375,-31.730674743652344,178.37669372558594,0.7835294008255005,92.79582977294922
59.886619567871094,265.52496337890625,-31.731122970581055,178.37332153320312,0.7852458953857422,92.80433654785156
59.89799499511719,265.5459899902344,-31.731250762939453,178.370849609375,0.7863667607307434,92.81265258789062
59.91188049316406,265.56341552734375,-31.731250762939453,178.36944580078125,0.7867471575737,92.82039642333984
59.92870330810547,265.57867431640625,-31.731115341186523,178.36895751953125,0.7864944338798523,92.82808685302734
59.94794845581055,265.5914306640625,-31.73090362548828,178.36940002441406,0.7857199907302856,92.83539581298828
59.97068405151367,265.6021423339844,-31.73050308227539,178.37088012695312,0.7842844128608704,92.84268188476562
59.99479675292969,265.6111755371094,-31.730064392089844,178.3729248046875,0.7824715971946716,92.84971618652344
60.01750564575195,265.61993408203125,-31.729581832885742,178.37489318847656,0.7808108329772949,92.85623931884766
60.03982162475586,265.62945556640625,-31.729028701782227,178.3768310546875,0.7793356776237488,92.86260986328125
60.05636215209961,265.63861083984375,-31.72846031188965,178.3780517578125,0.7786129713058472,92.86760711669922
60.06795120239258,265.6466369628906,-31.728004455566406,178.37879943847656,0.7783764004707336,92.87130737304688
60.07644271850586,265.6536560058594,-31.727628707885742,178.37924194335938,0.7783942818641663,92.87419128417969
